File_name,ram_percent,ram,flash,Code,RO_data,RW_data,ZI_data
lto-llvm-736de3.o,83.905174%,5380,83318,83056,106,156,5224
startup_at32f415.o,15.970057%,1024,404,36,368,0,1024
mc_w.l,0.062383%,4,2660,2656,0,4,0
stdout.o,0.062383%,4,4,0,0,4,0
