File_name,ram_percent,ram,flash,Code,RO_data,RW_data,ZI_data
lto-llvm-132006.o,86.590141%,13276,63482,63216,130,136,13140
startup_at32f415.o,13.357683%,2048,404,36,368,0,2048
mc_w.l,0.026089%,4,1206,1202,0,4,0
stdout.o,0.026089%,4,4,0,0,4,0
