File_name,ram_percent,ram,flash,Code,RO_data,RW_data,ZI_data
lto-llvm-026b2c.o,83.895134%,5376,83008,82746,106,156,5220
startup_at32f415.o,15.980025%,1024,404,36,368,0,1024
mc_w.l,0.062422%,4,2660,2656,0,4,0
stdout.o,0.062422%,4,4,0,0,4,0
