File_name,ram_percent,ram,flash,Code,RO_data,RW_data,ZI_data
lto-llvm-28d337.o,84.132843%,5472,91525,91200,169,156,5316
startup_at32f415.o,15.744158%,1024,404,36,368,0,1024
mc_w.l,0.061501%,4,2660,2656,0,4,0
stdout.o,0.061501%,4,4,0,0,4,0
