File_name,ram_percent,ram,flash,Code,RO_data,RW_data,ZI_data
lto-llvm-c364a6.o,84.054390%,5440,87457,87132,169,156,5284
startup_at32f415.o,15.822002%,1024,404,36,368,0,1024
mc_w.l,0.061805%,4,2660,2656,0,4,0
stdout.o,0.061805%,4,4,0,0,4,0
