File_name,ram_percent,ram,flash,Code,RO_data,RW_data,ZI_data
lto-llvm-715488.o,92.762466%,13227,37347,37064,148,135,13092
startup_at32f415.o,7.181429%,1024,404,36,368,0,1024
mc_w.l,0.028052%,4,1206,1202,0,4,0
stdout.o,0.028052%,4,4,0,0,4,0
