File_name,ram_percent,ram,flash,Code,RO_data,RW_data,ZI_data
lto-llvm-8eda70.o,84.004959%,5420,82750,82500,106,144,5276
startup_at32f415.o,15.871048%,1024,404,36,368,0,1024
mc_w.l,0.061996%,4,2660,2656,0,4,0
stdout.o,0.061996%,4,4,0,0,4,0
